xf,lnx,lnq
10.264828496758735,-18,0.3
11.733116266358913,-18,0.8
13.616198246778996,-18,1.3
16.0312914996367,-18,1.8
19.12883042101024,-18,2.3
23.10187598309673,-18,2.8
28.19819455890001,-18,3.3
34.73576312980228,-18,3.8
43.122672543850996,-18,4.3
53.88267628762634,-18,4.8
67.68798626459265,-18,5.3
85.4013715534949,-18,5.8
108.13019956955387,-18,6.3
137.29580807941815,-18,6.8
174.72255812923066,-18,7.3
222.7521524759614,-18,7.8
284.3903890362631,-18,8.3
363.4955536470759,-18,8.8
465.0202687656721,-18,9.3
595.3219685724646,-18,9.8
10.11454666304385,-17.8,0.3
11.540043697005046,-17.8,0.8
13.368172449875052,-17.8,1.3
15.712693176070939,-17.8,1.8
18.719601345971565,-17.8,2.3
22.576257840925216,-17.8,2.8
27.523109463566584,-17.8,3.3
33.86873404360347,-17.8,3.8
42.009152890719584,-17.8,4.3
52.45262092761829,-17.8,4.8
65.85144831934096,-17.8,5.3
83.04284835272054,-17.8,5.8
105.10137237909849,-17.8,6.3
133.4062193319996,-17.8,6.8
169.72764026738906,-17.8,7.3
216.33785608796896,-17.8,7.8
276.15344426219207,-17.8,8.3
352.91812442529243,-17.8,8.8
451.43740713697287,-17.8,9.3
577.8798238193693,-17.8,9.8
9.970249064798752,-17.6,0.3
11.354649135974,-17.6,0.8
13.129999020758063,-17.6,1.3
15.406738535382171,-17.6,1.8
18.32659930938352,-17.6,2.3
22.071466924721207,-17.6,2.8
26.8747572235079,-17.6,3.3
33.03601943096271,-17.6,3.8
40.939681066853716,-17.6,4.3
51.07910930954727,-17.6,4.8
64.08749682784274,-17.6,5.3
80.77750802326108,-17.6,5.8
102.19217097876874,-17.6,6.3
129.67020565704854,-17.6,6.8
164.9298842824919,-17.6,7.3
210.17668218578044,-17.6,7.8
268.2414696232539,-17.6,8.3
342.75791084345707,-17.6,8.8
438.39019617926414,-17.6,9.3
561.1253905414744,-17.6,9.8
9.831707128072646,-17.400000000000002,0.3
11.176638650981108,-17.400000000000002,0.8
12.901300069211448,-17.400000000000002,1.3
15.112941837443406,-17.400000000000002,1.8
17.949200032461754,-17.400000000000002,2.3
21.586700999445572,-17.400000000000002,2.8
26.25210701968374,-17.400000000000002,3.3
32.23629486436744,-17.400000000000002,3.8
39.91255552280748,-17.400000000000002,4.3
49.759955504270145,-17.400000000000002,4.8
62.3933237303398,-17.400000000000002,5.3
78.60174346388877,-17.400000000000002,5.8
99.39796202538193,-17.400000000000002,6.3
126.081815686882,-17.400000000000002,6.8
160.3216460639249,-17.400000000000002,7.3
204.25881269232343,-17.400000000000002,7.8
260.64185508084233,-17.400000000000002,8.3
332.998717268237,-17.400000000000002,8.8
425.8578354829965,-17.400000000000002,9.3
545.0319547317171,-17.400000000000002,9.8
9.698701766741394,-17.200000000000003,0.3
11.005730451627473,-17.200000000000003,0.8
12.681713251417008,-17.200000000000003,1.3
14.830837255744427,-17.200000000000003,1.8
17.58680475238682,-17.200000000000003,2.3
21.121190533149885,-17.200000000000003,2.8
25.65416995681089,-17.200000000000003,3.3
31.468289670248915,-17.200000000000003,3.8
38.92614364205882,-17.200000000000003,4.3
48.493061992215864,-17.200000000000003,4.8
60.766234368889464,-17.200000000000003,5.3
76.51209304632513,-17.200000000000003,5.8
96.71429880536212,-17.200000000000003,6.3
122.63533750134495,-17.200000000000003,6.8
155.8955887340904,-17.200000000000003,7.3
198.57482376073636,-17.200000000000003,7.8
253.34249648352605,-17.200000000000003,8.3
323.624997263803,-17.200000000000003,8.8
413.82035777749,-17.200000000000003,9.3
529.5738716190709,-17.200000000000003,9.8
9.571023066324617,-17.000000000000004,0.3
10.841654478857318,-17.000000000000004,0.8
12.47089123787536,-17.000000000000004,1.3
14.559978188778922,-17.000000000000004,1.8
17.238839332108917,-17.000000000000004,2.3
20.6741975472247,-17.000000000000004,2.8
25.079997579463345,-17.000000000000004,3.3
30.730785014978252,-17.000000000000004,3.8
37.97887927347877,-17.000000000000004,4.3
47.2764164835968,-17.000000000000004,4.8
59.20364339119891,-17.000000000000004,5.3
74.5052353402378,-17.000000000000004,5.8
94.13691444345143,-17.000000000000004,6.3
119.32528988640996,-17.000000000000004,6.8
151.64467139920282,-17.000000000000004,7.3
193.1156713004822,-17.000000000000004,7.8
246.33177694703602,-17.000000000000004,8.3
314.6218296413674,-17.000000000000004,8.8
402.2585981279034,-17.000000000000004,9.3
514.7265260567715,-17.000000000000004,9.8
9.448469987204186,-16.800000000000004,0.3
10.6841520187342,-16.800000000000004,0.8
12.268501211910328,-16.800000000000004,1.3
14.299936609998035,-16.800000000000004,1.8
16.904753418891936,-16.800000000000004,2.3
20.24501452835581,-16.800000000000004,2.8
24.528680466419196,-16.800000000000004,3.3
30.02261209020852,-16.800000000000004,3.8
37.069260390074874,-16.800000000000004,4.3
46.10808889927318,-16.800000000000004,4.8
57.70307085901891,-16.800000000000004,5.3
72.57798409888908,-16.800000000000004,5.8
91.66171544375506,-16.800000000000004,6.3
116.14641401673998,-16.800000000000004,6.8
147.5621384412062,-16.800000000000004,7.3
187.87267719442173,-16.800000000000004,7.8
239.59854911688336,-16.800000000000004,8.3
305.97489563658837,-16.800000000000004,8.8
391.1541645738981,-16.800000000000004,9.3
500.4662947539192,-16.800000000000004,9.8
9.330850087488564,-16.600000000000005,0.3
10.532975340762418,-16.600000000000005,0.8
12.07422439895318,-16.600000000000005,1.3
14.05030245647799,-16.600000000000005,1.8
16.584019651671262,-16.600000000000005,2.3
19.832963402154995,-16.600000000000005,2.8
23.999346903065437,-16.600000000000005,3.3
29.342650397154642,-16.600000000000005,3.8
36.19584687329419,-16.600000000000005,4.3
44.98622851113381,-16.600000000000005,4.8
56.26213855938336,-16.600000000000005,5.3
70.72728350293997,-16.600000000000005,5.8
89.28477555956816,-16.600000000000005,6.3
113.09366555724635,-16.600000000000005,6.8
143.6415093439545,-16.600000000000005,7.3
182.8375161974675,-16.600000000000005,7.8
233.13211830089003,-16.600000000000005,8.3
297.67045719770664,-16.600000000000005,8.8
380.4894101870384,-16.600000000000005,9.3
486.77051031982734,-16.600000000000005,9.8
9.217979265918494,-16.400000000000006,0.3
10.38788736115973,-16.400000000000006,0.8
11.887755627017974,-16.400000000000006,1.3
13.810683056709026,-16.400000000000006,1.8
16.276132917614156,-16.400000000000006,2.3
19.43739456881444,-16.400000000000006,2.8
23.49116163213949,-16.400000000000006,3.3
28.689826129976264,-16.400000000000006,3.8
35.357258422876754,-16.400000000000006,4.3
43.9090612417263,-16.400000000000006,4.8
54.878566518056424,-16.400000000000006,5.3
68.95020366124534,-16.400000000000006,5.8
87.00232999008595,-16.400000000000006,6.3
110.16220718073093,-16.400000000000006,6.8
139.87656904935665,-16.400000000000006,7.3
178.00220351064064,-16.400000000000006,7.8
226.92222646291302,-16.400000000000006,8.3
289.6953363722825,-16.400000000000006,8.8
370.2474065302313,-16.400000000000006,9.3
473.6174270983371,-16.400000000000006,9.8
9.109681525382614,-16.200000000000006,0.3
10.248661331692844,-16.200000000000006,0.8
11.708802919024805,-16.200000000000006,1.3
13.580702598208198,-16.200000000000006,1.8
15.980609658628826,-16.200000000000006,2.3
19.057686001568044,-16.200000000000006,2.8
23.003324683615592,-16.200000000000006,3.3
28.06311065907617,-16.200000000000006,3.8
34.55217259304543,-16.200000000000006,4.3
42.87488712384891,-16.200000000000006,4.8
53.550169715756745,-16.200000000000006,5.3
67.2439363689706,-16.200000000000006,5.8
84.81076990395205,-16.200000000000006,6.3
107.34740150100134,-16.200000000000006,6.8
136.26135884205183,-16.200000000000006,7.3
173.3590830279158,-16.200000000000006,7.8
220.95903707349035,-16.200000000000006,8.3
282.03689578595845,-16.200000000000006,8.8
360.4119185094611,-16.200000000000006,9.3
460.98618877803193,-16.200000000000006,9.8
9.005788757810722,-16.000000000000007,0.3
10.115080554923171,-16.000000000000007,0.8
11.537087117909447,-16.000000000000007,1.3
13.360001635996886,-16.000000000000007,1.8
15.696987228976381,-16.000000000000007,2.3
18.693242409237627,-16.000000000000007,2.8
22.535070285146684,-16.000000000000007,3.3
27.461519115863556,-16.000000000000007,3.8
33.77932295672065,-16.000000000000007,4.3
41.88207792192546,-16.000000000000007,4.8
52.27485500909628,-16.000000000000007,5.3
65.60579112504891,-16.000000000000007,5.8
82.70663729168916,-16.000000000000007,6.3
104.64480442344127,-16.000000000000007,6.8
132.7901677643993,-16.000000000000007,7.3
168.90081625724662,-16.000000000000007,7.8
215.23312081812878,-16.000000000000007,8.3
274.68302021289946,-16.000000000000007,8.8
350.96738061585427,-16.000000000000007,9.3
448.8567977740071,-16.000000000000007,9.8
8.90614055144262,-15.800000000000008,0.3
9.98693812698266,-15.800000000000008,0.8
11.372341545782247,-15.800000000000008,1.3
13.148236643372734,-15.800000000000008,1.8
15.424823305608859,-15.800000000000008,2.3
18.34349446471,-15.800000000000008,2.8
22.08566585516294,-15.800000000000008,3.3
26.884109081373513,-15.800000000000008,3.8
33.03749740047973,-15.800000000000008,4.3
40.929074918250556,-15.800000000000008,4.8
51.050618259727926,-15.800000000000008,5.3
64.03319141291934,-15.800000000000008,5.8
80.6866201514315,-15.800000000000008,6.3
102.05015891795712,-15.800000000000008,6.8
129.4575245672147,-15.800000000000008,7.3
164.62037192169663,-15.800000000000008,7.8
209.73544216959237,-15.800000000000008,8.3
267.622099244591,-15.800000000000008,8.8
341.8988745648778,-15.800000000000008,9.3
437.2100863878067,-15.800000000000008,9.8
8.810584021737434,-15.600000000000009,0.3
9.864036709314874,-15.600000000000009,0.8
11.214311698774578,-15.600000000000009,1.3
12.945079606855273,-15.600000000000009,1.8
15.163695353397435,-15.600000000000009,2.3
18.007898101845107,-15.600000000000009,2.8
21.65441108152236,-15.600000000000009,3.3
26.329979382102245,-15.600000000000009,3.8
32.3255365541636,-15.600000000000009,4.3
40.0143868686431,-15.600000000000009,4.8
49.87554167698021,-15.600000000000009,5.3
62.52367125068282,-15.600000000000009,5.8
78.74754801509066,-15.600000000000009,6.3
99.55938922257904,-15.600000000000009,6.8
126.25819020584422,-15.600000000000009,7.3
160.51101625176142,-15.600000000000009,7.8
204.45734683696926,-15.600000000000009,8.3
260.8430110716631,-15.600000000000009,8.8
333.1921083494297,-15.600000000000009,9.3
426.02768976456287,-15.600000000000009,9.8
8.718973667498805,-15.40000000000001,0.3
9.746188331183001,-15.40000000000001,0.8
11.062754979646687,-15.40000000000001,1.3
12.750217667705432,-15.40000000000001,1.8
14.913200148041474,-15.40000000000001,2.3
17.68593388407209,-15.40000000000001,2.8
21.24063708952698,-15.40000000000001,3.3
25.79826899753531,-15.40000000000001,3.8
31.642332360399262,-15.40000000000001,4.3
39.13658813371812,-15.40000000000001,4.8
48.747791381309824,-15.40000000000001,5.3
61.07487201934089,-15.40000000000001,5.8
76.88638782520376,-15.40000000000001,6.3
97.16859548984581,-15.40000000000001,6.8
123.1871508959357,-15.40000000000001,7.3
156.56630398588203,-15.40000000000001,7.8
199.39055011163535,-15.40000000000001,8.3
254.33510740254002,-15.40000000000001,8.8
324.8333967349515,-15.40000000000001,9.3
415.2920206805471,-15.40000000000001,9.8
8.631171254153148,-15.20000000000001,0.3
9.633214225172882,-15.20000000000001,0.8
10.91744047073725,-15.20000000000001,1.3
12.563352813024341,-15.20000000000001,1.8
14.672953360176118,-15.20000000000001,2.3
17.377106448808032,-15.20000000000001,2.8
20.843705704181765,-15.20000000000001,3.3
25.288156085139477,-15.20000000000001,3.8
30.986826790884194,-15.20000000000001,4.3
38.294316993918265,-15.20000000000001,4.8
47.66561519827279,-15.20000000000001,5.3
59.684539580695024,-15.20000000000001,5.8
75.10024017630357,-15.20000000000001,6.3
94.874048892537,-15.20000000000001,6.8
120.23961174875092,-15.20000000000001,7.3
152.78007010294422,-15.20000000000001,7.8
194.5271261386676,-15.20000000000001,8.3
248.088199553193,-15.20000000000001,8.8
316.80964323773054,-15.20000000000001,9.3
404.9862462105864,-15.20000000000001,9.8
8.547045726539872,-15.00000000000001,0.3
9.524944698416169,-15.00000000000001,0.8
10.778148750424705,-15.00000000000001,1.3
12.384201620141049,-15.00000000000001,1.8
14.442589205041472,-15.00000000000001,2.3
17.080944032853346,-15.00000000000001,2.8
20.463008812807985,-15.00000000000001,3.3
24.798857130089704,-15.00000000000001,3.8
30.358010718109004,-15.00000000000001,4.3
37.486274158683926,-15.00000000000001,4.8
46.627340695458045,-15.00000000000001,5.3
58.35052169985627,-15.00000000000001,5.8
73.38633593880213,-15.00000000000001,6.3
92.67218721043898,-15.00000000000001,6.8
117.41099101219608,-15.00000000000001,7.3
149.14642231839986,-15.00000000000001,7.8
189.85949815198111,-15.00000000000001,8.3
242.09254575434827,-15.00000000000001,8.8
309.10832364257004,-15.00000000000001,9.3
395.0942663434826,-15.00000000000001,9.8
8.466473154064317,-14.800000000000011,0.3
9.421219042837617,-14.800000000000011,0.8
10.644671756956981,-14.800000000000011,1.3
12.212495058818053,-14.800000000000011,1.8
14.221760163059397,-14.800000000000011,2.3
16.796998085102782,-14.800000000000011,2.8
20.097967835556663,-14.800000000000011,3.3
24.329626228744292,-14.800000000000011,3.8
29.75492295331685,-14.800000000000011,4.3
36.71122148273454,-14.800000000000011,4.8
45.63137347800531,-14.800000000000011,5.3
57.07076579121755,-14.800000000000011,5.8
71.74203328818277,-14.800000000000011,6.3
90.55961092575505,-14.800000000000011,6.8
114.6969149510649,-14.800000000000011,7.3
145.65973438470076,-14.800000000000011,7.8
185.38042972268755,-14.800000000000011,8.3
236.3388397364278,-14.800000000000011,8.8
301.7174711333138,-14.800000000000011,9.3
385.60069463510865,-14.800000000000011,9.8
8.389336711636572,-14.600000000000012,0.3
9.32188548840417,-14.600000000000012,0.8
10.516812704304748,-14.600000000000012,1.3
12.047978356755907,-14.600000000000012,1.8
14.01013677780586,-14.600000000000012,2.3
16.524842974286667,-14.600000000000012,2.8
19.74803331303201,-14.600000000000012,3.3
23.87975451690155,-14.600000000000012,3.8
29.17664946395891,-14.600000000000012,4.3
35.96798090543946,-14.600000000000012,4.8
44.6761957620099,-14.600000000000012,5.3
55.843317011259735,-14.600000000000012,5.8
70.16481516785457,-14.600000000000012,6.3
88.53307986162082,-14.600000000000012,6.8
112.09321340844903,-14.600000000000012,7.3
142.31464024720026,-14.600000000000012,7.8
181.08301708313243,-14.600000000000012,8.3
230.81820066857946,-14.600000000000012,8.8
294.6256631296795,-14.600000000000012,9.3
376.4908410136862,-14.600000000000012,9.8
8.315526700483812,-14.400000000000013,0.3
9.226801204135146,-14.400000000000013,0.8
10.394386055619352,-14.400000000000013,1.3
11.890410934982174,-14.400000000000013,1.8
13.807407539190123,-14.400000000000013,2.3
16.264075801050495,-14.400000000000013,2.8
19.41268462216135,-14.400000000000013,3.3
23.448569756209757,-14.400000000000013,3.8
28.622322786751877,-14.400000000000013,4.3
35.25543363273247,-14.400000000000013,4.8
43.76036524937229,-14.400000000000013,5.3
54.66631672678319,-14.400000000000013,5.8
68.65228722044249,-14.400000000000013,6.3
86.58951040609689,-14.400000000000013,6.8
109.59591610003409,-14.400000000000013,7.3
139.10602911874702,-14.400000000000013,7.8
176.9606826040157,-14.400000000000013,8.3
225.52216454668536,-14.400000000000013,8.8
287.82200994686707,-14.400000000000013,9.3
367.7506968803554,-14.400000000000013,9.8
8.2449406136915,-14.200000000000014,0.3
9.135832352535363,-14.200000000000014,0.8
10.27721756094569,-14.200000000000014,1.3
11.739566420984138,-14.200000000000014,1.8
13.61327886117861,-14.200000000000014,2.3
16.014316325518756,-14.200000000000014,2.8
19.091429833669586,-14.200000000000014,3.3
23.03543609479681,-14.200000000000014,3.8
28.091121655723082,-14.200000000000014,4.3
34.57251958502697,-14.200000000000014,4.8
42.88251433254865,-14.200000000000014,5.3
53.53800139316581,-14.200000000000014,5.8
67.2021762296738,-14.200000000000014,6.3
84.72597337310744,-14.200000000000014,6.8
107.20124970422408,-14.200000000000014,7.3
136.0290415500702,-14.200000000000014,7.8
173.0071695191724,-14.200000000000014,8.3
220.44267714652267,-14.200000000000014,8.8
281.2961454208269,-14.200000000000014,9.3
359.36692268097863,-14.200000000000014,9.8
8.177483252208999,-14.000000000000014,0.3
9.048854204147903,-14.000000000000014,0.8
10.165144367065503,-14.000000000000014,1.3
11.595232748904518,-14.000000000000014,1.8
13.427475165150083,-14.000000000000014,2.3
15.775207023593477,-14.000000000000014,2.8
18.783805727059317,-14.000000000000014,3.3
22.63975402127035,-14.000000000000014,3.8
27.582270868381734,-14.000000000000014,4.3
33.91823713916845,-14.000000000000014,4.8
42.041349663261265,-14.000000000000014,5.3
52.45670188411848,-14.000000000000014,5.8
65.81232912346368,-14.000000000000014,6.3
82.93969256219093,-14.000000000000014,6.8
104.90563582386297,-14.000000000000014,7.3
133.0790665889015,-14.000000000000014,7.8
169.2165380122002,-14.000000000000014,8.3
215.57208868255444,-14.000000000000014,8.8
275.03821967222694,-14.000000000000014,9.3
351.32683816258293,-14.000000000000014,9.8
8.113066898053964,-13.800000000000015,0.3
8.965751320096983,-13.800000000000015,0.8
10.05801520873619,-13.800000000000015,1.3
11.457212357774686,-13.800000000000015,1.8
13.249739081951057,-13.800000000000015,2.3
15.546413287622972,-13.800000000000015,2.8
18.48937798187935,-13.800000000000015,3.3
22.26096053473331,-13.800000000000015,3.8
27.09504141740511,-13.800000000000015,4.3
33.29164319764601,-13.800000000000015,4.8
41.235652125570105,-13.800000000000015,5.3
51.42084332218558,-13.800000000000015,5.8
64.4807125983586,-13.800000000000015,6.3
81.22804409069082,-13.800000000000015,6.8
102.70568990982741,-13.800000000000015,7.3
130.2517401386985,-13.800000000000015,7.8
165.58316280129156,-13.800000000000015,8.3
210.90315034029516,-13.800000000000015,8.8
269.03889421623865,-13.800000000000015,9.3
343.61841557017556,-13.800000000000015,9.8
8.05161155256529,-13.600000000000016,0.3
8.886417811802104,-13.600000000000016,0.8
9.955690692141586,-13.600000000000016,1.3
11.325322500607598,-13.600000000000016,1.8
13.079831787932843,-13.600000000000016,2.3
15.327623789738125,-13.600000000000016,2.8
18.20774156727953,-13.600000000000016,3.3
21.898529557357556,-13.600000000000016,3.8
26.628750919969292,-13.600000000000016,4.3
32.69185362406747,-13.600000000000016,4.8
40.46427726077899,-13.600000000000016,5.3
50.42894546790667,-13.600000000000016,5.8
63.20541343614437,-13.600000000000016,6.3
79.58855658512297,-13.600000000000016,6.8
100.59822125293005,-13.600000000000016,7.3
127.54294464780087,-13.600000000000016,7.8
162.10173238332536,-13.600000000000016,8.3
206.42901288079082,-13.600000000000016,8.8
263.2893396632064,-13.600000000000016,9.3
336.2302760867957,-13.600000000000016,9.8
7.993045248771315,-13.400000000000016,0.3
8.810757688474403,-13.400000000000016,0.8
9.858043683063286,-13.400000000000016,1.3
11.199395679187733,-13.400000000000016,1.8
12.91753349266416,-13.400000000000016,2.3
15.118551029055297,-13.400000000000016,2.8
17.938521355354744,-13.400000000000016,3.3
21.55197262030702,-13.400000000000016,3.8
26.182764382020867,-13.400000000000016,4.3
32.118044090204165,-13.400000000000016,4.8
39.72615619935515,-13.400000000000016,5.3
49.47962373500096,-13.400000000000016,5.8
61.98463959502813,-13.400000000000016,6.3
78.01891233273447,-13.400000000000016,6.8
98.58023416817531,-13.400000000000016,7.3
124.948810281589,-13.400000000000016,7.8
158.767250125163,-13.400000000000016,8.3
202.14322754906,-13.400000000000016,8.8
257.7812362965776,-13.400000000000016,9.3
329.1516898709607,-13.400000000000016,9.8
7.937304448220267,-13.200000000000017,0.3
8.738685304510305,-13.200000000000017,0.8
9.764959814061045,-13.200000000000017,1.3
11.079280221514807,-13.200000000000017,1.8
12.762644098550702,-13.200000000000017,2.3
14.918932086996943,-13.200000000000017,2.8
17.681372987466744,-13.200000000000017,3.3
21.220839858269336,-13.200000000000017,3.8
25.75649534021871,-13.200000000000017,4.3
31.56945138653686,-13.200000000000017,4.8
39.020297163142054,-13.200000000000017,5.3
48.57159090886383,-13.200000000000017,5.8
60.816722169997426,-13.200000000000017,6.3
76.51694950927522,-13.200000000000017,6.8
96.64893051391186,-13.200000000000017,7.3
122.465717753064,-13.200000000000017,7.8
155.57503741835095,-13.200000000000017,8.3
198.0397495533384,-13.200000000000017,8.8
252.50677785786786,-13.200000000000017,9.3
322.37258009955576,-13.200000000000017,9.8
7.884334533888209,-13.000000000000018,0.3
8.670125920387445,-13.000000000000018,0.8
9.676338126713869,-13.000000000000018,1.3
10.964841020957385,-13.000000000000018,1.8
12.614984055106145,-13.000000000000018,2.3
14.728529618003783,-13.000000000000018,2.8
17.43598402638302,-13.000000000000018,3.3
20.90472135227945,-13.000000000000018,3.8
25.349407429655088,-13.000000000000018,4.3
31.04537525479537,-13.000000000000018,4.8
38.345787609167466,-13.000000000000018,5.3
47.703659655496935,-13.000000000000018,5.8
59.70011832903463,-13.000000000000018,6.3
75.08066561386377,-13.000000000000018,6.8
94.80171370674523,-13.000000000000018,7.3
120.0903030098878,-13.000000000000018,7.8
152.52073914140823,-13.000000000000018,8.3
194.11294441662017,-13.000000000000018,8.8
247.4586789114091,-13.000000000000018,9.3
315.88353147756766,-13.000000000000018,9.8
7.834090411900171,-12.800000000000018,0.3
8.605016391984242,-12.800000000000018,0.8
9.592091866531351,-12.800000000000018,1.3
10.855960458027791,-12.800000000000018,1.8
12.474395432840328,-12.800000000000018,2.3
14.547133105583878,-12.800000000000018,2.8
17.202075430298486,-12.800000000000018,3.3
20.603248864430086,-12.800000000000018,3.8
24.961016430221665,-12.800000000000018,4.3
30.545180806785176,-12.800000000000018,4.8
37.70179709344166,-12.800000000000018,5.3
46.87474591668653,-12.800000000000018,5.8
58.63341534254339,-12.800000000000018,6.3
73.70822225497005,-12.800000000000018,6.8
93.03619440927552,-12.800000000000018,7.3
117.81946399593268,-12.800000000000018,7.8
149.60033169862604,-12.800000000000018,8.3
190.3575975326396,-12.800000000000018,8.8
242.6301861996409,-12.800000000000018,9.3
309.6758037232684,-12.800000000000018,9.8
7.786537235543333,-12.60000000000002,0.3
8.543306004118005,-12.60000000000002,0.8
9.512149449178835,-12.60000000000002,1.3
10.752539526921458,-12.60000000000002,1.8
12.340743243205566,-12.60000000000002,2.3
14.37456041541933,-12.60000000000002,2.8
16.97940338695079,-12.60000000000002,3.3
20.31609801066476,-12.60000000000002,3.8
24.590892847650284,-12.60000000000002,4.3
30.068301597654795,-12.60000000000002,4.8
37.08758093786299,-12.60000000000002,5.3
46.08387329303521,-12.60000000000002,5.8
57.61533583045838,-12.60000000000002,6.3
72.39795144029738,-12.60000000000002,6.8
91.35019807853008,-12.60000000000002,7.3
115.65036971873529,-12.60000000000002,7.8
146.81013392082085,-12.60000000000002,8.3
186.7689272789013,-12.60000000000002,8.8
238.01509442509362,-12.60000000000002,9.3
303.7413505689901,-12.60000000000002,9.8
7.741651265041037,-12.40000000000002,0.3
8.484957464085632,-12.40000000000002,0.8
9.436455616648608,-12.40000000000002,1.3
10.65449918895185,-12.40000000000002,1.8
12.213917031029478,-12.40000000000002,2.3
14.210659677238194,-12.40000000000002,2.8
16.76776154602686,-12.40000000000002,3.3
20.042990917836374,-12.40000000000002,3.8
24.238665085246588,-12.40000000000002,4.3
29.614243421748395,-12.40000000000002,4.8
36.50248478334234,-12.40000000000002,5.3
45.3301785164518,-12.40000000000002,5.8
56.64474435151802,-12.40000000000002,6.3
71.14836352336695,-12.40000000000002,6.8
89.74177456299884,-12.40000000000002,7.3
113.58047185431516,-12.40000000000002,7.8
144.14682111358002,-12.40000000000002,8.3
183.34260203951126,-12.40000000000002,8.8
233.60776689542317,-12.40000000000002,9.3
298.0728448179321,-12.40000000000002,9.8
7.699420875194647,-12.20000000000002,0.3
8.429948069393522,-12.20000000000002,0.8
9.364972800121569,-12.20000000000002,1.3
10.56178197276763,-12.20000000000002,1.8
12.09383276317968,-12.20000000000002,2.3
14.055311523937087,-12.20000000000002,2.8
16.56698368417262,-12.20000000000002,3.3
19.783699406511584,-12.20000000000002,3.8
23.904023256624342,-12.20000000000002,4.3
29.182588892234218,-12.20000000000002,4.8
35.94595010376814,-12.20000000000002,5.3
44.6129181033146,-12.20000000000002,5.8
55.72065544643798,-12.20000000000002,6.3
69.95815694395024,-12.20000000000002,6.8
88.2092099169052,-12.20000000000002,7.3
111.60751909704977,-12.20000000000002,7.8
141.60744250918972,-12.20000000000002,8.3
180.07476145426506,-12.20000000000002,8.8
229.40316142290945,-12.20000000000002,9.3
292.6637099417157,-12.20000000000002,9.8
7.659847719352004,-12.000000000000021,0.3
8.378271059581804,-12.000000000000021,0.8
9.297682701202662,-12.000000000000021,1.3
10.474353835218363,-12.000000000000021,1.8
11.980435030006056,-12.000000000000021,2.3
13.908431707789415,-12.000000000000021,2.8
16.37694682648167,-12.000000000000021,3.3
19.5380487283649,-12.000000000000021,3.8
23.586723674399103,-12.000000000000021,4.3
28.773002847000544,-12.000000000000021,4.8
35.417520732594134,-12.000000000000021,5.3
43.9314762515612,-12.000000000000021,5.8
54.84224321241548,-12.000000000000021,6.3
68.82622985731949,-12.000000000000021,6.8
86.75104054840492,-12.000000000000021,7.3
109.72957439822515,-12.000000000000021,7.8
139.18944229927206,-12.000000000000021,8.3
176.96204211250824,-12.000000000000021,8.8
225.39686174849814,-12.000000000000021,9.3
287.508158552901,-12.000000000000021,9.8
7.622948050791848,-11.800000000000022,0.3
8.329937153398479,-11.800000000000022,0.8
9.234588092987167,-11.800000000000022,1.3
10.392206284569678,-11.800000000000022,1.8
11.873699561555982,-11.800000000000022,2.3
13.769974096090317,-11.800000000000022,2.8
16.197574827243177,-11.800000000000022,3.3
19.305921861460867,-11.800000000000022,3.8
23.28659401876483,-11.800000000000022,4.3
28.385238585498413,-11.800000000000022,4.8
34.916850407642386,-11.800000000000022,5.3
43.285373988400394,-11.800000000000022,5.8
54.00885241699459,-11.800000000000022,6.3
67.75169366196033,-11.800000000000022,6.8
85.36606971330932,-11.800000000000022,7.3
107.94503510722063,-11.800000000000022,7.8
136.89068426494956,-11.800000000000022,8.3
174.0016077120468,-11.800000000000022,8.8
221.58511451484955,-11.800000000000022,9.3
282.60123778199863,-11.800000000000022,9.8
7.588754189357366,-11.600000000000023,0.3
8.28497625701916,-11.600000000000023,0.8
9.17571482401808,-11.600000000000023,1.3
10.31535874588208,-11.600000000000023,1.8
11.773636034379324,-11.600000000000023,2.3
13.639934017130459,-11.600000000000023,2.8
16.028842374769795,-11.600000000000023,3.3
19.087264320753285,-11.600000000000023,3.8
23.00353913402798,-11.600000000000023,4.3
28.01914487316097,-11.600000000000023,4.8
34.44371125658246,-11.600000000000023,5.3
42.6742794735474,-11.600000000000023,5.8
53.22001103440611,-11.600000000000023,6.3
66.7338882817998,-11.600000000000023,6.8
84.05338617674252,-11.600000000000023,7.3
106.25265579586954,-11.600000000000023,7.8
134.70947973292533,-11.600000000000023,8.3
171.19118334647365,-11.600000000000023,8.8
217.96487137062527,-11.600000000000023,9.3
277.93888103988013,-11.600000000000023,9.8
7.557316098814928,-11.400000000000023,0.3
8.24343930276541,-11.400000000000023,0.8
9.121113977166344,-11.400000000000023,1.3
10.243861111452034,-11.400000000000023,1.8
11.68029110058432,-11.400000000000023,2.3
13.518351874327909,-11.400000000000023,2.8
15.870779321097626,-11.400000000000023,3.3
18.882089363588424,-11.400000000000023,3.8
22.737547306962885,-11.400000000000023,4.3
27.674673535235648,-11.400000000000023,4.8
33.998003005310025,-11.400000000000023,5.3
42.09801919115571,-11.400000000000023,5.8
52.47544387675701,-11.400000000000023,6.3
65.77239879988393,-11.400000000000023,6.8
82.81238454596333,-11.400000000000023,7.3
104.65157315272408,-11.400000000000023,7.8
132.6446180992271,-11.400000000000023,8.3
168.52909298207894,-11.400000000000023,8.8
214.5338350420668,-11.400000000000023,9.3
273.5179647207842,-11.400000000000023,9.8
7.528703004280797,-11.200000000000024,0.3
8.20540013536052,-11.200000000000024,0.8
9.070864085316334,-11.200000000000024,1.3
10.177796359549035,-11.200000000000024,1.8
11.593751499437584,-11.200000000000024,2.3
13.40531686058155,-11.200000000000024,2.8
15.723475133858214,-11.200000000000024,3.3
18.69048334466432,-11.200000000000024,3.8
22.48869672857326,-11.200000000000024,4.3
27.351887276314233,-11.200000000000024,4.8
33.579762464764755,-11.200000000000024,5.3
41.55658948603323,-11.200000000000024,5.8
51.775086651794496,-11.200000000000024,6.3
64.86707262157752,-11.200000000000024,6.8
81.64278626162533,-11.200000000000024,7.3
103.14133169734438,-11.200000000000024,7.8
130.69539837568777,-11.200000000000024,8.3
166.01429821201862,-11.200000000000024,8.8
211.29050700165863,-11.200000000000024,9.3
269.3363669046019,-11.200000000000024,9.8
7.503004922513268,-11.000000000000025,0.3
8.170957296387265,-11.000000000000025,0.8
9.025073227258641,-11.000000000000025,1.3
10.117283031309942,-11.000000000000025,1.8
11.514147000113972,-11.000000000000025,2.3
13.300970470688798,-11.000000000000025,2.8
15.587083105660229,-11.000000000000025,3.3
18.512610778750204,-11.000000000000025,3.8
22.25716160252764,-11.000000000000025,4.3
27.05096707145551,-11.000000000000025,4.8
33.18917249696291,-11.000000000000025,5.3
41.05016746529687,-11.000000000000025,5.8
51.11909924583471,-11.000000000000025,6.3
64.01803568981532,-11.000000000000025,6.8
80.54465942724201,-11.000000000000025,7.3
101.72190806838435,-11.000000000000025,7.8
128.86165898301084,-11.000000000000025,8.3
163.64643485178888,-11.000000000000025,8.8
208.2342324757226,-11.000000000000025,9.3
265.39302277487684,-11.000000000000025,9.8
7.480333891799081,-10.800000000000026,0.3
8.14023545658166,-10.800000000000026,0.8
8.983880707734851,-10.800000000000026,1.3
10.062477213526282,-10.800000000000026,1.8
11.44165275419728,-10.800000000000026,2.3
13.205509305366093,-10.800000000000026,2.8
15.461823709785826,-10.800000000000026,3.3
18.348718370900244,-10.800000000000026,3.8
22.043217000776473,-10.800000000000026,4.3
26.77221803276853,-10.800000000000026,4.8
32.82656912100168,-10.800000000000026,5.3
40.57911962532852,-10.800000000000026,5.8
50.50787621890861,-10.800000000000026,6.3
63.22570527705872,-10.800000000000026,6.8
79.51843442742032,-10.800000000000026,7.3
100.39373012258604,-10.800000000000026,7.8
127.1438011400617,-10.800000000000026,8.3
161.4258416207382,-10.800000000000026,8.8
205.3652356588778,-10.800000000000026,9.3
261.6879679034794,-10.800000000000026,9.8
7.460824560642267,-10.600000000000026,0.3
8.113386095908428,-10.600000000000026,0.8
8.947457848587998,-10.600000000000026,1.3
10.013573464482793,-10.600000000000026,1.8
11.37649038464841,-10.600000000000026,2.3
13.119186357706049,-10.600000000000026,2.8
15.347986125733945,-10.600000000000026,3.3
18.19913683152149,-10.600000000000026,3.8
21.847241029376413,-10.600000000000026,4.3
26.5160720003953,-10.600000000000026,4.8
32.49244461967058,-10.600000000000026,5.3
40.144005584086244,-10.600000000000026,5.8
49.942051296750634,-10.600000000000026,6.3
62.49079540009493,-10.600000000000026,6.8
78.56491046415441,-10.600000000000026,7.3
99.1576848345937,-10.600000000000026,7.8
125.54279842205602,-10.600000000000026,8.3
159.35357171785418,-10.600000000000026,8.8
202.6846337450617,-10.600000000000026,9.3
258.22235526996855,-10.600000000000026,9.8
7.444633611004571,-10.400000000000027,0.3
8.090586816012353,-10.400000000000027,0.8
8.916007163341582,-10.400000000000027,1.3
9.970803817054556,-10.400000000000027,1.8
11.318926775578785,-10.400000000000027,2.3
13.042309537412084,-10.400000000000027,2.8
15.245926432633917,-10.400000000000027,3.3
18.064278657221948,-10.400000000000027,3.8
21.669712094281508,-10.400000000000027,4.3
26.28308416459575,-10.400000000000027,4.8
32.187443356182776,-10.400000000000027,5.3
39.74557288918549,-10.400000000000027,5.8
49.42249091433686,-10.400000000000027,6.3
61.81430877668231,-10.400000000000027,6.8
77.68524552021414,-10.400000000000027,7.3
98.0151057544584,-10.400000000000027,7.8
124.06018106508442,-10.400000000000027,8.3
157.43137315597136,-10.400000000000027,8.8
200.1944122584578,-10.400000000000027,9.3
254.9984242830513,-10.400000000000027,9.8
7.431937237117824,-10.200000000000028,0.3
8.072038370628892,-10.200000000000028,0.8
8.889758833980013,-10.200000000000028,1.3
9.93443357262812,-10.200000000000028,1.8
11.26926902401016,-10.200000000000028,2.3
12.975235583476103,-10.200000000000028,2.8
15.156060238891106,-10.200000000000028,3.3
17.944629174683875,-10.200000000000028,3.8
21.5111979831909,-10.200000000000028,4.3
26.0739197173531,-10.200000000000028,4.8
31.91234541221471,-10.200000000000028,5.3
39.38473691489118,-10.200000000000028,5.8
48.9502694636968,-10.200000000000028,6.3
61.19750628953086,-10.200000000000028,6.8
76.88091862044429,-10.200000000000028,7.3
96.96772629063148,-10.200000000000028,7.8
122.69797804703853,-10.200000000000028,8.3
155.66161685366876,-10.200000000000028,8.8
197.8973356612247,-10.200000000000028,9.3
252.01938951807395,-10.200000000000028,9.8
7.422925563414667,-10.000000000000028,0.3
8.057958103396505,-10.000000000000028,0.8
8.868962940306847,-10.000000000000028,1.3
9.904752042129044,-10.000000000000028,1.8
11.227853348199528,-10.000000000000028,2.3
12.918356714866022,-10.000000000000028,2.8
15.078846549739835,-10.000000000000028,3.3
17.840726974069437,-10.000000000000028,3.8
21.372332057096855,-10.000000000000028,4.3
25.88932479864325,-10.000000000000028,4.8
31.66803104090971,-10.000000000000028,5.3
39.06253726807443,-10.000000000000028,5.8
48.52661571646237,-10.000000000000028,6.3
60.64184101014864,-10.000000000000028,6.8
76.15364844170143,-10.000000000000028,7.3
96.0175791388983,-10.000000000000028,7.8
121.45859262555834,-10.000000000000028,8.3
154.04714238918274,-10.000000000000028,8.8
195.79675594512761,-10.000000000000028,9.3
249.28920290268033,-10.000000000000028,9.8
7.417792467459309,-9.80000000000003,0.3
8.048567992241018,-9.80000000000003,0.8
8.853875312559628,-9.80000000000003,1.3
9.882055700732941,-9.80000000000003,1.8
11.195024922106136,-9.80000000000003,2.3
12.872076377332311,-9.80000000000003,2.8
15.014758477985609,-9.80000000000003,3.3
17.75312840953319,-9.80000000000003,3.8
21.253770084724817,-9.80000000000003,4.3
25.730073857369764,-9.80000000000003,4.8
31.455416307790784,-9.80000000000003,5.3
38.780058913917976,-9.80000000000003,5.8
48.152815953171746,-9.80000000000003,6.3
60.14883899230617,-9.80000000000003,6.8
75.50524635668384,-9.80000000000003,7.3
95.1668148171092,-9.80000000000003,7.8
120.34457791774831,-9.80000000000003,8.3
152.59098006450742,-9.80000000000003,8.8
193.89626796635966,-9.80000000000003,9.3
246.8121257784895,-9.80000000000003,9.8
7.416718811606888,-9.60000000000003,0.3
8.044074957007718,-9.60000000000003,0.8
8.844734236514617,-9.60000000000003,1.3
9.866620459665661,-9.60000000000003,1.8
11.171104692698343,-9.60000000000003,2.3
12.8367693473765,-9.60000000000003,2.8
14.964235079387391,-9.60000000000003,3.3
17.682349241144806,-9.60000000000003,3.8
21.156119305083212,-9.60000000000003,4.3
25.59688317332515,-9.60000000000003,4.8
31.275347392660773,-9.60000000000003,5.3
38.538302681034914,-9.60000000000003,5.8
47.830054973376846,-9.60000000000003,6.3
59.71990368623946,-9.60000000000003,6.8
74.93737539599782,-9.60000000000003,7.3
94.41740412091426,-9.60000000000003,7.8
119.35826904163937,-9.60000000000003,8.3
151.29589547268725,-9.60000000000003,8.8
192.19914484929336,-9.60000000000003,9.3
244.59202811909645,-9.60000000000003,9.8
7.419846680996104,-9.40000000000003,0.3
8.044640610291658,-9.40000000000003,0.8
8.841724676635188,-9.40000000000003,1.3
9.858659087850523,-9.40000000000003,1.8
11.156338434592314,-9.40000000000003,2.3
12.812720490362306,-9.40000000000003,2.8
14.927607430795378,-9.40000000000003,3.3
17.628775083628422,-9.40000000000003,3.8
21.079829591531865,-9.40000000000003,4.3
25.49027820066972,-9.40000000000003,4.8
31.12843847727048,-9.40000000000003,5.3
38.337986685070966,-9.40000000000003,5.8
47.55917233098018,-9.40000000000003,6.3
59.35601611574409,-9.40000000000003,6.8
74.4511808121632,-9.40000000000003,7.3
93.77068215849276,-9.40000000000003,7.8
118.50121949482543,-9.40000000000003,8.3
150.16369181616648,-9.40000000000003,8.8
190.7074732224735,-9.40000000000003,9.3
242.63131535854504,-9.40000000000003,9.8
7.427242085718646,-9.200000000000031,0.3
8.0503374673597,-9.200000000000031,0.8
8.844926488837082,-9.200000000000031,1.3
9.858259585369087,-9.200000000000031,1.8
11.150823020450431,-9.200000000000031,2.3
12.800036137986714,-9.200000000000031,2.8
14.904991668821415,-9.200000000000031,3.3
17.59253184248305,-9.200000000000031,3.8
21.025036001696034,-9.200000000000031,4.3
25.410401675614143,-9.200000000000031,4.8
31.014837266598132,-9.200000000000031,5.3
38.179259135983,-9.200000000000031,5.8
47.340309821356286,-9.200000000000031,6.3
59.05730133984092,-9.200000000000031,6.8
74.04675593312363,-9.200000000000031,7.3
93.22668915930473,-9.200000000000031,7.8
117.77338640209885,-9.200000000000031,8.3
149.19420145760316,-9.200000000000031,8.8
189.4209033830521,-9.200000000000031,9.3
240.92937749420668,-9.200000000000031,9.8
7.438844081033731,-9.000000000000032,0.3
8.061089213313462,-9.000000000000032,0.8
8.854243782904064,-9.000000000000032,1.3
9.865301129811861,-9.000000000000032,1.8
11.154405865360474,-9.000000000000032,2.3
12.798523227811511,-9.000000000000032,2.8
14.896143127692676,-9.000000000000032,3.3
17.573309038849107,-9.000000000000032,3.8
20.991344088329946,-9.000000000000032,4.3
25.356751978646027,-9.000000000000032,4.8
30.933905304047972,-9.000000000000032,5.3
38.06130680565651,-9.000000000000032,5.8
47.17243092429664,-9.000000000000032,6.3
58.822437472217985,-9.000000000000032,6.8
73.72241407773049,-9.000000000000032,7.3
92.78327199373864,-9.000000000000032,7.8
117.17202006668926,-9.000000000000032,8.3
148.3839115530405,-9.000000000000032,8.8
188.33494605116255,-9.000000000000032,9.3
239.48047567969328,-9.000000000000032,9.8
7.454399942008262,-8.800000000000033,0.3
8.076594600648319,-8.800000000000033,0.8
8.869314929837122,-8.800000000000033,1.3
9.879346995004271,-8.800000000000033,1.8
11.166556826858253,-8.800000000000033,2.3
12.807535341556076,-8.800000000000033,2.8
14.90027053451194,-8.800000000000033,3.3
17.570134761402702,-8.800000000000033,3.8
20.977556438094755,-8.800000000000033,4.3
25.327849883211993,-8.800000000000033,4.8
30.88381079826132,-8.800000000000033,5.3
37.98185636090796,-8.800000000000033,5.8
47.05270877267605,-8.800000000000033,6.3
58.64790304060692,-8.800000000000033,6.8
73.47376133738277,-8.800000000000033,7.3
92.43493999250853,-8.800000000000033,7.8
116.69024990226909,-8.800000000000033,8.3
147.7242139626086,-8.800000000000033,8.8
187.43880356442116,-8.800000000000033,9.3
238.27105123373354,-8.800000000000033,9.8
7.473389556406825,-8.600000000000033,0.3
8.096238691029253,-8.600000000000033,0.8
8.889407605348142,-8.600000000000033,1.3
9.8995196666188,-8.600000000000033,1.8
11.186218809960195,-8.600000000000033,2.3
12.825793152402913,-8.600000000000033,2.8
14.915819324535915,-8.600000000000033,3.3
17.58111322083913,-8.600000000000033,3.8
20.981353773525043,-8.600000000000033,4.3
25.32084994008897,-8.600000000000033,4.8
30.86105381311662,-8.600000000000033,5.3
37.93659287166575,-8.600000000000033,5.8
46.97581247999209,-8.600000000000033,6.3
58.527099369356904,-8.600000000000033,6.8
73.29261541120302,-8.600000000000033,7.3
92.17153082089507,-8.600000000000033,7.8
116.31543564507321,-8.600000000000033,8.3
147.1993647016122,-8.600000000000033,8.8
186.7128411639225,-8.600000000000033,9.3
237.27658814054706,-8.600000000000033,9.8
7.494948061012861,-8.400000000000034,0.3
8.1190020354185,-8.400000000000034,0.8
8.913311395999605,-8.400000000000034,1.3
9.924373058304155,-8.400000000000034,1.8
11.211654904416282,-8.400000000000034,2.3
12.851200705427646,-8.400000000000034,2.8
14.940249928978384,-8.400000000000034,3.3
17.603156216507927,-8.400000000000034,3.8
20.998968659291165,-8.400000000000034,4.3
25.331142851212704,-8.400000000000034,4.8
30.859980451120297,-8.400000000000034,5.3
37.9185648425528,-8.400000000000034,5.8
46.933176931594865,-8.400000000000034,6.3
58.449452631517445,-8.400000000000034,6.8
73.16589940102934,-8.400000000000034,7.3
91.97684546103551,-8.400000000000034,7.8
116.02748039653282,-8.400000000000034,8.3
146.78439616340847,-8.400000000000034,8.8
186.1259997665912,-8.400000000000034,9.3
236.45840296569116,-8.400000000000034,9.8
7.517803680749001,-8.200000000000035,0.3
8.143387700180197,-8.200000000000035,0.8
8.939251506772615,-8.200000000000035,1.3
9.951789834036862,-8.200000000000035,1.8
11.24032555366267,-8.200000000000035,2.3
12.88069778966645,-8.200000000000035,2.8
14.969859615370556,-8.200000000000035,3.3
17.631767349741022,-8.200000000000035,3.8
21.024923296743758,-8.200000000000035,4.3
25.35203593752339,-8.200000000000035,4.8
30.87239244551821,-8.200000000000035,5.3
37.917706082045605,-8.200000000000035,5.8
46.91241596252373,-8.200000000000035,6.3
58.399692214438254,-8.200000000000035,6.8
73.07475279799657,-8.200000000000035,7.3
91.82755118421544,-8.200000000000035,7.8
115.7974748407514,-8.200000000000035,8.3
146.44343917846334,-8.200000000000035,8.8
185.6337165855196,-8.200000000000035,9.3
235.7610648413855,-8.200000000000035,9.8
7.540255895297795,-8.000000000000036,0.3
8.167395631607718,-8.000000000000036,0.8
8.96485844194708,-8.000000000000036,1.3
9.978945326178092,-8.000000000000036,1.8
11.268845383802553,-8.000000000000036,2.3
12.91020804343751,-8.000000000000036,2.8
14.999719850157568,-8.000000000000036,3.3
17.660966145279602,-8.000000000000036,3.8
21.051937307896516,-8.000000000000036,4.3
25.374640743372623,-8.000000000000036,4.8
30.88740981197431,-8.000000000000036,5.3
37.920667465456326,-8.000000000000036,5.8
46.89711584264072,-8.000000000000036,6.3
58.357596720758174,-8.000000000000036,6.8
72.99421851947895,-8.000000000000036,7.3
91.69279529748863,-8.000000000000036,7.8
115.58721980907906,-8.000000000000036,8.3
146.12913203654878,-8.000000000000036,8.8
185.17719264594828,-8.000000000000036,9.3
235.11148648221925,-8.000000000000036,9.8
7.5602233941491574,-7.800000000000035,0.3
8.188578941367453,-7.800000000000035,0.8
8.98723454965627,-7.800000000000035,1.3
10.00238669932006,-7.800000000000035,1.8
11.29307788621928,-7.800000000000035,2.3
12.934752727991041,-7.800000000000035,2.8
15.023813574355461,-7.800000000000035,3.3
17.683454285276184,-7.800000000000035,3.8
21.07112968735117,-7.800000000000035,4.3
25.388119091336712,-7.800000000000035,4.8
30.891771419449825,-7.800000000000035,5.3
37.911184967364676,-7.800000000000035,5.8
46.86728687966923,-7.800000000000035,6.3
58.29854920564502,-7.800000000000035,6.8
72.89392679032133,-7.800000000000035,7.3
91.53504886878456,-7.800000000000035,7.8
115.35026880015617,-7.800000000000035,8.3
145.78391046401194,-7.800000000000035,8.8
184.6849910553873,-7.800000000000035,9.3
234.42090685118146,-7.800000000000035,9.8
7.575386025212486,-7.600000000000035,0.3
8.204210525882504,-7.600000000000035,0.8
9.003151025690787,-7.600000000000035,1.3
10.018267330892812,-7.600000000000035,1.8
11.308415765757902,-7.600000000000035,2.3
12.948787628227583,-7.600000000000035,2.8
15.035441727865905,-7.600000000000035,3.3
17.69110792718184,-7.600000000000035,3.8
21.07261694735438,-7.600000000000035,4.3
25.380411907044618,-7.600000000000035,4.8
30.87072536113693,-7.600000000000035,5.3
37.8711699539253,-7.600000000000035,5.8
46.80070138957985,-7.600000000000035,6.3
58.195182309843034,-7.600000000000035,6.8
72.74012159298607,-7.600000000000035,7.3
91.31260700903633,-7.600000000000035,7.8
115.03501760132491,-7.600000000000035,8.3
145.34383090042277,-7.600000000000035,8.8
184.07777436664233,-7.600000000000035,9.3
233.5907683380769,-7.600000000000035,9.8
7.583425349198842,-7.400000000000035,0.3
8.211565433652032,-7.400000000000035,0.8
9.00938177805434,-7.400000000000035,1.3
10.022744024829183,-7.400000000000035,1.8
11.310256064822337,-7.400000000000035,2.3
12.946774028970697,-7.400000000000035,2.8
15.02791223399393,-7.400000000000035,3.3
17.675812105801487,-7.400000000000035,3.8
21.04652689631162,-7.400000000000035,4.3
25.33947450238766,-7.400000000000035,4.8
30.809538065405206,-7.400000000000035,5.3
37.78255717432608,-7.400000000000035,5.8
46.675161525719915,-7.400000000000035,6.3
58.02016676624276,-7.400000000000035,6.8
72.49909556193043,-7.400000000000035,7.3
90.9838269926509,-7.400000000000035,7.8
114.58994145494027,-7.400000000000035,8.3
144.74505137353302,-7.400000000000035,8.8
183.27633505594048,-7.400000000000035,9.3
232.52267953703887,-7.400000000000035,9.8
7.582335491347863,-7.200000000000035,0.3
8.208285750848065,-7.200000000000035,0.8
9.003134861480001,-7.200000000000035,1.3
10.012490311296114,-7.200000000000035,1.8
11.294614146167348,-7.200000000000035,2.3
12.923916567359623,-7.200000000000035,2.8
14.995430354400707,-7.200000000000035,3.3
17.630539012844007,-7.200000000000035,3.8
20.984308729518283,-7.200000000000035,4.3
25.254872921848985,-7.200000000000035,4.8
30.695444517738103,-7.200000000000035,5.3
37.6296929301132,-7.200000000000035,5.8
46.471430022068034,-7.200000000000035,6.3
57.749815039934454,-7.200000000000035,6.8
72.14162898630528,-7.200000000000035,7.3
90.5126053188925,-7.200000000000035,7.8
113.97036325496455,-7.200000000000035,8.3
143.93220703375496,-7.200000000000035,8.8
182.21197373595675,-7.200000000000035,9.3
231.1312907404565,-7.200000000000035,9.8
7.57074035070033,-7.000000000000035,0.3
8.192752949890808,-7.000000000000035,0.8
8.982492736437218,-7.000000000000035,1.3
9.985220245841354,-7.000000000000035,1.8
11.258750235111187,-7.000000000000035,2.3
12.876916179168452,-7.000000000000035,2.8
14.934007258472516,-7.000000000000035,3.3
17.55044833633407,-7.000000000000035,3.8
20.88006992342926,-7.000000000000035,4.3
25.119412950415075,-7.000000000000035,4.8
30.519638386397943,-7.000000000000035,5.3
37.40177211131588,-7.000000000000035,5.8
46.17622090812458,-7.000000000000035,6.3
57.367758712631314,-7.000000000000035,6.8
71.6475196558096,-7.000000000000035,7.3
89.87396686504277,-7.000000000000035,7.8
113.1453602654654,-7.000000000000035,8.3
142.86695711490282,-7.000000000000035,8.8
180.8370897943885,-7.000000000000035,9.3
229.35743298556272,-7.000000000000035,9.8
7.54813317787727,-6.8000000000000345,0.3
8.164369111042303,-6.8000000000000345,0.8
8.946744779753882,-6.8000000000000345,1.3
9.940084013110678,-6.8000000000000345,1.8
11.201642618968975,-6.8000000000000345,2.3
12.804538763408633,-6.8000000000000345,2.8
14.842146219939272,-6.8000000000000345,3.3
17.433718288220543,-6.8000000000000345,3.8
20.731585916570857,-6.8000000000000345,4.3
24.930370406647665,-6.8000000000000345,4.8
30.278775040440507,-6.8000000000000345,5.3
37.09467873090509,-6.8000000000000345,5.8
45.784458191995974,-6.8000000000000345,6.3
56.86772574957343,-6.8000000000000345,6.8
71.00900391769368,-6.8000000000000345,7.3
89.0582859432175,-6.8000000000000345,7.8
112.10298021261642,-6.8000000000000345,8.3
141.53443974468829,-6.8000000000000345,8.8
179.13317959349263,-6.8000000000000345,9.3
227.17804080878324,-6.8000000000000345,9.8
7.514965991259222,-6.600000000000034,0.3
8.123661878047436,-6.600000000000034,0.8
8.896511378440815,-6.600000000000034,1.3
9.877815562933712,-6.600000000000034,1.8
11.12416423614709,-6.600000000000034,2.3
12.707827391113778,-6.600000000000034,2.8
14.721098677753563,-6.600000000000034,3.3
17.281855701404503,-6.600000000000034,3.8
20.54067685999897,-6.600000000000034,4.3
24.689950198729797,-6.600000000000034,4.8
29.975532350752104,-6.600000000000034,5.3
36.71167263904867,-6.600000000000034,5.8
45.30011856408588,-6.600000000000034,6.3
56.254576654467066,-6.600000000000034,6.8
70.23203298295789,-6.600000000000034,7.3
88.07286102002848,-6.600000000000034,7.8
110.85218715897993,-6.600000000000034,8.3
139.94567985618613,-6.600000000000034,8.8
177.11382004353987,-6.600000000000034,9.3
224.60985363039669,-6.600000000000034,9.8
7.472560073225692,-6.400000000000034,0.3
8.072179390036347,-6.400000000000034,0.8
8.833619691470169,-6.400000000000034,1.3
9.80058478882855,-6.400000000000034,1.8
11.02890584897819,-6.400000000000034,2.3
12.589889790866158,-6.400000000000034,2.8
14.574607782699568,-6.400000000000034,3.3
17.099385428715777,-6.400000000000034,3.8
20.31283021969798,-6.400000000000034,4.3
24.404826437471787,-6.400000000000034,4.8
29.618048822054174,-6.400000000000034,5.3
36.2627014388546,-6.400000000000034,5.8
44.73538693428707,-6.400000000000034,6.3
55.543266055794504,-6.400000000000034,6.8
69.3349937198604,-6.400000000000034,7.3
86.9403362728711,-6.400000000000034,7.8
109.42091084744871,-6.400000000000034,8.3
138.13517513644743,-6.400000000000034,8.8
174.82167714554538,-6.400000000000034,9.3
221.70570424685565,-6.400000000000034,9.8
7.4228663046546375,-6.200000000000034,0.3
8.012208947294235,-6.200000000000034,0.8
8.760770994525192,-6.200000000000034,1.3
9.711601738578285,-6.200000000000034,1.8
10.919702605836292,-6.200000000000034,2.3
12.455329378016373,-6.200000000000034,2.8
14.408221807634401,-6.200000000000034,3.3
16.89301881050263,-6.200000000000034,3.8
20.05619044749028,-6.200000000000034,4.3
24.084911310961587,-6.200000000000034,4.8
29.21841950622295,-6.200000000000034,5.3
35.7625585797183,-6.200000000000034,5.8
44.10839598696531,-6.200000000000034,6.3
54.75606317754485,-6.200000000000034,6.8
68.34528469197951,-6.200000000000034,7.3
85.69447680309777,-6.200000000000034,7.8
107.8508258198179,-6.200000000000034,8.3
136.15443506625715,-6.200000000000034,8.8
172.3204998953008,-6.200000000000034,9.3
218.54458593721947,-6.200000000000034,9.8
7.368147867647947,-6.000000000000034,0.3
7.9464045496893165,-6.000000000000034,0.8
8.681100275902526,-6.000000000000034,1.3
9.614592628784184,-6.000000000000034,1.8
10.801007259710033,-6.000000000000034,2.3
12.3094920012072,-6.000000000000034,2.8
14.228385183721782,-6.000000000000034,3.3
16.67055282880369,-6.000000000000034,3.8
19.78022143651544,-6.000000000000034,4.3
23.74172524171412,-6.000000000000034,4.8
28.790704804541374,-6.000000000000034,5.3
35.228444944615966,-6.000000000000034,5.8
43.44023369850255,-6.000000000000034,6.3
53.91887218519074,-6.000000000000034,6.8
67.29478339813485,-6.000000000000034,7.3
84.37457574092004,-6.000000000000034,7.8
106.19043989354367,-6.000000000000034,8.3
134.06342778998044,-6.000000000000034,8.8
169.68452172311729,-6.000000000000034,9.3
215.21850324492516,-6.000000000000034,9.8
7.310669305381248,-5.800000000000034,0.3
7.877421897538261,-5.800000000000034,0.8
8.597744656210612,-5.800000000000034,1.3
9.513286357942265,-5.800000000000034,1.8
10.677275945051282,-5.800000000000034,2.3
12.157727781353337,-5.800000000000034,2.8
14.04154774919357,-5.800000000000034,3.3
16.439791318956942,-5.800000000000034,3.8
19.494395777134425,-5.800000000000034,4.3
23.386799701404957,-5.800000000000034,4.8
28.348979168546386,-5.800000000000034,5.3
34.67757929760647,-5.800000000000034,5.8
42.752010818013154,-5.800000000000034,6.3
53.05762626516823,-5.800000000000034,6.8
66.21540434151171,-5.800000000000034,7.3
83.01997342417107,-5.800000000000034,7.8
104.4883211374007,-5.800000000000034,8.3
131.9221983821327,-5.800000000000034,8.8
166.98807432118818,-5.800000000000034,9.3
211.81958626351675,-5.800000000000034,9.8
7.25245587873559,-5.600000000000033,0.3
7.807635910026407,-5.600000000000033,0.8
8.513509377100572,-5.600000000000033,1.3
9.411017104394721,-5.600000000000033,1.8
10.55249281178859,-5.600000000000033,2.3
12.004819824776604,-5.600000000000033,2.8
13.85347536602389,-5.600000000000033,3.3
16.207710055464638,-5.600000000000033,3.8
19.207180320892245,-5.600000000000033,4.3
23.030441083383792,-5.600000000000033,4.8
27.905820905009552,-5.600000000000033,5.3
34.12534890039586,-5.600000000000033,5.8
42.06259125088023,-5.600000000000033,6.3
52.195496823324476,-5.600000000000033,6.8
65.13566118846764,-5.600000000000033,7.3
81.66581549404913,-5.600000000000033,7.8
102.78785584669333,-5.600000000000033,8.3
129.78438173401156,-5.600000000000033,8.8
164.2975491551872,-5.600000000000033,9.3
208.43011757373534,-5.600000000000033,9.8
7.195151527993967,-5.400000000000033,0.3
7.738973990658057,-5.400000000000033,0.8
8.430670649586194,-5.400000000000033,1.3
9.310489755846497,-5.400000000000033,1.8
10.429889433339245,-5.400000000000033,2.3
11.85464700943401,-5.400000000000033,2.8
13.668842993645574,-5.400000000000033,3.3
15.979963917967908,-5.400000000000033,3.8
18.925437372726535,-5.400000000000033,4.3
22.681001026878498,-5.400000000000033,4.8
27.47142071233886,-5.400000000000033,5.3
33.58421781702101,-5.400000000000033,5.8
41.38725228687055,-5.400000000000033,6.3
51.351246038699486,-5.400000000000033,6.8
64.0786373482155,-5.400000000000033,7.3
80.34054879921581,-5.400000000000033,7.8
101.12415402486128,-5.400000000000033,8.3
127.69337298919876,-5.400000000000033,8.8
161.66665202748317,-5.400000000000033,9.3
205.1166446981905,-5.400000000000033,9.8
7.139970827253746,-5.200000000000033,0.3
7.672859625556891,-5.200000000000033,0.8
8.350908960213935,-5.200000000000033,1.3
9.213700553845444,-5.200000000000033,1.8
10.311849877882576,-5.200000000000033,2.3
11.71006989525167,-5.200000000000033,2.8
13.491097007520525,-5.200000000000033,3.3
15.760720136222215,-5.200000000000033,3.8
18.654222070036482,-5.200000000000033,4.3
22.344629503161013,-5.200000000000033,4.8
27.053280006695,-5.200000000000033,5.3
33.06335746513179,-5.200000000000033,5.8
40.73723117854884,-5.200000000000033,6.3
50.538669291225624,-5.200000000000033,6.8
63.06129909331516,-5.200000000000033,7.3
79.06507382082422,-5.200000000000033,7.8
99.52300192011279,-5.200000000000033,8.3
125.68103121893853,-5.200000000000033,8.8
159.1347966568562,-5.200000000000033,9.3
201.92798697031472,-5.200000000000033,9.8
7.087720726272158,-5.000000000000033,0.3
7.6102379014069355,-5.000000000000033,0.8
8.27533923926907,-5.000000000000033,1.3
9.121972981948508,-5.000000000000033,1.8
10.199953630564504,-5.000000000000033,2.3
11.572982299319065,-5.000000000000033,2.8
13.32251742631728,-5.000000000000033,3.3
15.552733641930025,-5.000000000000033,3.8
18.396873922351915,-5.000000000000033,4.3
22.025386342692173,-5.000000000000033,4.8
26.656347155203097,-5.000000000000033,5.3
32.56881342117992,-5.000000000000033,5.8
40.11992981763942,-5.000000000000033,6.3
49.76684680005168,-5.000000000000033,6.8
62.094805491548506,-5.000000000000033,7.3
77.85312703378436,-5.000000000000033,7.8
98.00133446327557,-5.000000000000033,8.3
123.76826398292752,-5.000000000000033,8.8
156.72782892290962,-5.000000000000033,9.3
198.89613393879006,-5.000000000000033,9.8
7.038862618672089,-4.800000000000033,0.3
7.551648360352278,-4.800000000000033,0.8
8.204597000414239,-4.800000000000033,1.3
9.036060247179496,-4.800000000000033,1.8
10.095098172631157,-4.800000000000033,2.3
11.444458600357965,-4.800000000000033,2.8
13.164395656215115,-4.800000000000033,3.3
15.357562322111225,-4.800000000000033,3.8
18.155278332016195,-4.800000000000033,4.3
21.72555988801064,-4.800000000000033,4.8
26.28340675484214,-4.800000000000033,5.3
32.103982101596415,-4.800000000000033,5.8
39.539499695784585,-4.800000000000033,6.3
49.04086286785175,-4.800000000000033,6.8
61.18539435040061,-4.800000000000033,7.3
76.71237399387708,-4.800000000000033,7.8
96.5685859904979,-4.800000000000033,8.3
121.96669877331685,-4.800000000000033,8.8
154.46009790349476,-4.800000000000033,9.3
196.03881467057897,-4.800000000000033,9.8
6.993589611658582,-4.6000000000000325,0.3
7.497315699219449,-4.6000000000000325,0.8
8.138945579632113,-4.6000000000000325,1.3
8.956272864981711,-4.6000000000000325,1.8
9.997651588759911,-4.6000000000000325,2.3
11.324937130331747,-4.6000000000000325,2.8
13.017255781991052,-4.6000000000000325,3.3
15.17583501175233,-4.6000000000000325,3.8
17.930192193631104,-4.6000000000000325,4.3
21.4460637284149,-4.6000000000000325,4.8
25.935564304358888,-4.6000000000000325,5.3
31.670204261391145,-4.6000000000000325,5.8
38.99757022603149,-4.6000000000000325,6.3
48.362701405422705,-4.6000000000000325,6.8
60.33548531046329,-4.6000000000000325,7.3
75.64577036008525,-4.6000000000000325,7.8
95.22837207044665,-4.6000000000000325,8.3
120.28076420456829,-4.6000000000000325,8.8
152.33703464414148,-4.6000000000000325,9.3
193.36269697451084,-4.6000000000000325,9.8
6.951902037727769,-4.400000000000032,0.3
7.447238405244129,-4.400000000000032,0.8
8.078380934441899,-4.400000000000032,1.3
8.882603341641712,-4.400000000000032,1.8
9.90760170269977,-4.400000000000032,2.3
11.214399394157375,-4.400000000000032,2.8
12.881070824183528,-4.400000000000032,3.3
15.007513390327656,-4.400000000000032,3.8
17.721562087166408,-4.400000000000032,4.3
21.18682441045163,-4.400000000000032,4.8
25.612719852044677,-4.400000000000032,5.3
31.267344993647843,-4.400000000000032,5.8
38.493960499110734,-4.400000000000032,6.3
47.73212108868378,-4.400000000000032,6.8
59.54475785100932,-4.400000000000032,7.3
74.65289196379535,-4.400000000000032,7.8
93.98013308346484,-4.400000000000032,8.3
118.70972387423404,-4.400000000000032,8.8
150.3576722843312,-4.400000000000032,9.3
190.86651387404217,-4.400000000000032,9.8
6.913672183034186,-4.200000000000032,0.3
7.401264733971306,-4.200000000000032,0.8
8.022721476636528,-4.200000000000032,1.3
8.814833050230165,-4.200000000000032,1.8
9.824683913595713,-4.200000000000032,2.3
11.112523692875413,-4.200000000000032,2.8
12.755448109141806,-4.200000000000032,3.3
14.852116471751595,-4.200000000000032,3.8
17.528797022498683,-4.200000000000032,4.3
20.947113768994235,-4.200000000000032,4.8
25.31397398731356,-4.200000000000032,5.3
30.894290879303476,-4.200000000000032,5.8
38.02728936662299,-4.200000000000032,6.3
47.147405497830086,-4.200000000000032,6.8
58.811075296401235,-4.200000000000032,7.3
73.73107486517338,-4.200000000000032,7.8
92.82054299395385,-4.200000000000032,8.3
117.24941965255425,-4.200000000000032,8.8
148.5168061320065,-4.200000000000032,9.3
188.54374338756872,-4.200000000000032,9.8
6.878695068437064,-4.000000000000032,0.3
7.359152315308711,-4.000000000000032,0.8
7.971678547073612,-4.000000000000032,1.3
8.752616075220331,-4.000000000000032,1.8
9.748481483208634,-4.000000000000032,2.3
11.018805639484965,-4.000000000000032,2.8
12.639774688654025,-4.000000000000032,3.3
14.708896711307386,-4.000000000000032,3.8
17.35098239895853,-4.000000000000032,4.3
20.72580962820508,-4.000000000000032,4.8
25.037946322614353,-4.000000000000032,5.3
30.549339974990207,-4.000000000000032,5.8
37.595454014864956,-4.000000000000032,6.3
46.605951551373934,-4.000000000000032,6.8
58.13120963081516,-4.000000000000032,7.3
72.87630963502072,-4.000000000000032,7.8
91.74461440815855,-4.000000000000032,8.3
115.89363912713551,-4.000000000000032,8.8
146.80668802098032,-4.000000000000032,9.3
186.38471052281636,-4.000000000000032,9.8
6.846725646687079,-3.800000000000032,0.3
7.3206118143755585,-3.800000000000032,0.8
7.92490803697659,-3.800000000000032,1.3
8.695540625964298,-3.800000000000032,1.8
9.678498991938644,-3.800000000000032,2.3
10.9326464301911,-3.800000000000032,2.8
12.53332385022247,-3.800000000000032,3.3
14.57696899036153,-3.800000000000032,3.8
17.187036711753677,-3.800000000000032,4.3
20.521586738970928,-3.800000000000032,4.8
24.783008746058446,-3.800000000000032,5.3
30.230487431422684,-3.800000000000032,5.8
37.19598045622263,-3.800000000000032,6.3
46.10470044884069,-3.800000000000032,6.8
57.50137231186491,-3.800000000000032,7.3
72.08389626653845,-3.800000000000032,7.8
90.74650783156554,-3.800000000000032,8.3
114.63511699646008,-3.800000000000032,8.8
145.21826708683275,-3.800000000000032,9.3
184.37812654111818,-3.800000000000032,9.8
6.817504461724196,-3.6000000000000316,0.3
7.28533704879059,-3.6000000000000316,0.8
7.882045995446953,-3.6000000000000316,1.3
8.643171397609708,-3.6000000000000316,1.8
9.614213004992958,-3.6000000000000316,2.3
10.853413727802288,-3.6000000000000316,2.8
12.435328578613646,-3.6000000000000316,3.3
14.4553995765719,-3.6000000000000316,3.8
17.035819628974153,-3.6000000000000316,4.3
20.33304846094328,-3.6000000000000316,4.8
24.547446282493482,-3.6000000000000316,5.3
29.93562246314846,-3.6000000000000316,5.8
36.826265230858574,-3.6000000000000316,6.3
45.64043484476127,-3.6000000000000316,6.8
56.91758030532422,-3.6000000000000316,7.3
71.34889577327787,-3.6000000000000316,7.8
89.82008968251625,-3.6000000000000316,8.3
113.46622555104291,-3.6000000000000316,8.8
143.74204528530146,-3.6000000000000316,9.3
182.51215025733492,-3.6000000000000316,9.8
6.790774312078728,-3.4000000000000314,0.3
7.2530245462949035,-3.4000000000000314,0.8
7.842731751343383,-3.4000000000000314,1.3
8.59507707714245,-3.4000000000000314,1.8
9.55510496982367,-3.4000000000000314,2.3
10.780481191486736,-3.4000000000000314,2.8
12.34502925016942,-3.4000000000000314,3.3
14.34326387807943,-3.4000000000000314,3.8
16.89620215363798,-3.4000000000000314,4.3
20.158812244938048,-3.4000000000000314,4.8
24.329561513177374,-3.4000000000000314,5.3
29.662656201897978,-3.4000000000000314,5.8
36.48373228883654,-3.4000000000000314,6.3
45.20997172804148,-3.4000000000000314,6.8
56.37589364793859,-3.4000000000000314,7.3
70.66642327126087,-3.4000000000000314,7.8
88.95929442123813,-3.4000000000000314,8.3
112.37942274930631,-3.4000000000000314,8.8
142.36863254217002,-3.4000000000000314,9.3
180.77507669248723,-3.4000000000000314,9.8
6.766290320602997,-3.2000000000000313,0.3
7.2233853625434055,-3.2000000000000313,0.8
7.806621883697186,-3.2000000000000313,1.3
8.550846961441998,-3.2000000000000313,1.8
9.500681089886964,-3.2000000000000313,2.3
10.713252355320936,-3.2000000000000313,2.8
12.261702441011174,-3.2000000000000313,3.3
14.239681325310567,-3.2000000000000313,3.8
16.767108996127824,-3.2000000000000313,4.3
19.997561253610016,-3.2000000000000313,4.8
24.127737627226235,-3.2000000000000313,5.3
29.40959889183706,-3.2000000000000313,5.8
36.16592770488487,-3.2000000000000313,6.3
44.81027886022524,-3.2000000000000313,6.8
55.87255884906326,-3.2000000000000313,7.3
70.03182488013964,-3.2000000000000313,7.8
88.1583431096957,-3.2000000000000313,8.3
111.36752262853504,-3.2000000000000313,8.8
141.08908175622625,-3.2000000000000313,9.3
179.15575260554178,-3.2000000000000313,9.8
6.7438254066333085,-3.000000000000031,0.3
7.196151502168701,-3.000000000000031,0.8
7.773397811147525,-3.000000000000031,1.3
8.510099983580064,-3.000000000000031,1.8
9.45048311755914,-3.000000000000031,2.3
10.651173593987888,-3.000000000000031,2.8
12.184676566916465,-3.000000000000031,3.3
14.143834305098647,-3.000000000000031,3.8
16.647541570531594,-3.000000000000031,4.3
19.848072372411885,-3.000000000000031,4.8
23.940472629665493,-3.000000000000031,5.3
29.174601764370443,-3.000000000000031,5.8
35.87057104830001,-3.000000000000031,6.3
44.43853791710104,-3.000000000000031,6.8
55.40408664109585,-3.000000000000031,7.3
69.44077362088454,-3.000000000000031,7.8
87.41186187290687,-3.000000000000031,8.3
110.42384184586527,-3.000000000000031,8.8
139.89507031408942,-3.000000000000031,9.3
177.64380160419472,-3.000000000000031,9.8
6.723172694524618,-2.800000000000031,0.3
7.171078743721235,-2.800000000000031,0.8
7.742769129427657,-2.800000000000031,1.3
8.47248868041319,-2.800000000000031,1.8
9.404093096154375,-2.800000000000031,2.3
10.593739816902012,-2.800000000000031,2.8
12.113338748797904,-2.800000000000031,3.3
14.054976468537678,-2.800000000000031,3.8
16.53658808039586,-2.800000000000031,4.3
19.709228489167536,-2.800000000000031,4.8
23.766394330996484,-2.800000000000031,5.3
28.955975378961224,-2.800000000000031,5.8
35.59557787243993,-2.800000000000031,6.3
44.0921721193638,-2.800000000000031,6.8
54.96728598762398,-2.800000000000031,7.3
68.88931134266585,-2.800000000000031,7.8
86.71493366737467,-2.800000000000031,8.3
109.54226368880633,-2.800000000000031,8.8
138.77897934178642,-2.800000000000031,9.3
176.22972238646983,-2.800000000000031,9.8
6.704145974831288,-2.6000000000000307,0.3
7.147947178811783,-2.6000000000000307,0.8
7.714474246228651,-2.6000000000000307,1.3
8.437699944805228,-2.6000000000000307,1.8
9.36113425597544,-2.6000000000000307,2.3
10.540495540564763,-2.6000000000000307,2.8
12.04713610130117,-2.6000000000000307,3.3
13.972434285024022,-2.6000000000000307,3.8
16.433425398916143,-2.6000000000000307,4.3
19.580020775405607,-2.6000000000000307,4.8
23.604263122426687,-2.6000000000000307,5.3
28.752193007092426,-2.6000000000000307,5.8
35.339063849722976,-2.6000000000000307,6.3
43.76885129515206,-2.6000000000000307,6.8
54.559270292591464,-2.6000000000000307,7.3
68.37385635081193,-2.6000000000000307,7.8
86.06310766617193,-2.6000000000000307,8.3
108.71724963833091,-2.6000000000000307,8.8
137.7339079697488,-2.6000000000000307,9.3
174.90490636016298,-2.6000000000000307,9.8
6.686578996928557,-2.4000000000000306,0.3
7.126560379635417,-2.4000000000000306,0.8
7.688279394362722,-2.4000000000000306,1.3
8.405453848522749,-2.4000000000000306,1.8
9.321269602713551,-2.4000000000000306,2.3
10.491033187839783,-2.4000000000000306,2.8
11.985573675331459,-2.4000000000000306,3.3
13.895604544176477,-2.4000000000000306,3.8
16.337316026107956,-2.4000000000000306,4.3
19.459544969280508,-2.4000000000000306,4.8
23.452967423321997,-2.4000000000000306,5.3
28.561885043336904,-2.4000000000000306,5.8
35.09933789569331,-2.4000000000000306,6.3
43.46648340420175,-2.4000000000000306,6.8
54.177446933542285,-2.4000000000000306,7.3
67.8911904601817,-2.4000000000000306,7.8
85.45238322051638,-2.4000000000000306,8.3
107.94381947229945,-2.4000000000000306,8.8
136.75364861768753,-2.4000000000000306,9.3
173.66160690481826,-2.4000000000000306,9.8
6.670324117135679,-2.2000000000000304,0.3
7.1067438100389,-2.2000000000000304,0.8
7.663976750590214,-2.2000000000000304,1.3
8.375501401193937,-2.2000000000000304,1.8
9.28419923334324,-2.2000000000000304,2.3
10.44498985814391,-2.2000000000000304,2.8
11.928210555633868,-2.2000000000000304,3.3
13.823949623615968,-2.2000000000000304,3.8
16.247602331795406,-2.2000000000000304,4.3
19.346994351575944,-2.2000000000000304,4.8
23.311515089054506,-2.2000000000000304,5.3
28.383828470149638,-2.2000000000000304,5.8
34.87488922363132,-2.2000000000000304,6.3
43.18319859971414,-2.2000000000000304,6.8
53.81949760361791,-2.2000000000000304,7.3
67.43843470900427,-2.2000000000000304,7.8
84.8791798100259,-2.2000000000000304,8.3
107.21751403175718,-2.2000000000000304,8.8
135.83264079890245,-2.2000000000000304,9.3
172.4928819868751,-2.2000000000000304,9.8
6.655250642937347,-2.00000000000003,0.3
7.088342879935187,-2.00000000000003,0.8
7.641382132834654,-2.00000000000003,1.3
8.347621807759488,-2.00000000000003,1.8
9.249657052265007,-2.00000000000003,2.3
10.402043377038758,-2.00000000000003,2.8
11.874655089020528,-2.00000000000003,3.3
13.756991704121575,-2.00000000000003,3.8
16.163699519949475,-2.00000000000003,4.3
19.241651164000185,-2.00000000000003,4.8
23.1790229162322,-2.00000000000003,5.3
28.216933993275042,-2.00000000000003,5.8
34.66437154116248,-2.00000000000003,6.3
42.917329776767076,-2.00000000000003,6.8
53.48335432655255,-2.00000000000003,7.3
67.01301973497414,-2.00000000000003,7.8
84.34030039832643,-2.00000000000003,8.3
106.53434982818149,-2.00000000000003,8.8
134.96591481675947,-2.00000000000003,9.3
171.39252423740817,-2.00000000000003,9.8
6.641243086373764,-1.8000000000000302,0.3
7.071220893173075,-1.8000000000000302,0.8
7.620332571510151,-1.8000000000000302,1.3
8.321619576254657,-1.8000000000000302,1.8
9.2174073085489,-1.8000000000000302,2.3
10.361908130983572,-1.8000000000000302,2.8
11.824559853539565,-1.8000000000000302,3.3
13.6943066712731,-1.8000000000000302,3.8
16.085088212384445,-1.8000000000000302,4.3
19.142877563999697,-1.8000000000000302,4.8
23.05470558210717,-1.8000000000000302,5.3
28.060232484765315,-1.8000000000000302,5.8
34.46658639777904,-1.8000000000000302,6.3
42.66739207743591,-1.8000000000000302,6.8
53.16717418745196,-1.8000000000000302,7.3
66.61265456795186,-1.8000000000000302,7.8
83.83289283340626,-1.8000000000000302,8.3
105.89077123287059,-1.8000000000000302,8.8
134.1490324673241,-1.8000000000000302,9.3
170.3549873182923,-1.8000000000000302,9.8
6.6281994535951805,-1.6000000000000303,0.3
7.055257037932146,-1.6000000000000303,0.8
7.600683931218237,-1.6000000000000303,1.3
8.297321685623556,-1.6000000000000303,1.8
9.187241205111397,-1.6000000000000303,2.3
10.324330988685016,-1.6000000000000303,2.8
11.777616732321842,-1.6000000000000303,3.3
13.63551814408662,-1.6000000000000303,3.8
16.01130718701719,-1.6000000000000303,4.3
19.050106768235217,-1.6000000000000303,4.8
22.937864814868846,-1.6000000000000303,5.3
27.91286170922176,-1.6000000000000303,5.8
34.28046688053206,-1.6000000000000303,6.3
42.43206282476394,-1.6000000000000303,6.8
52.86931459274463,-1.6000000000000303,7.3
66.23529607670741,-1.6000000000000303,7.8
83.35441205758283,-1.6000000000000303,8.3
105.28360366993286,-1.6000000000000303,8.8
133.37802898769755,-1.6000000000000303,9.3
169.37531383646157,-1.6000000000000303,9.8
6.6160296410251345,-1.4000000000000303,0.3
7.040344502330608,-1.4000000000000303,0.8
7.582308680580641,-1.4000000000000303,1.3
8.274574929881169,-1.4000000000000303,1.8
9.158973718953437,-1.4000000000000303,2.3
10.289087476237132,-1.4000000000000303,2.8
11.733552293850874,-1.4000000000000303,3.3
13.5802918749653,-1.4000000000000303,3.8
15.94194656753094,-1.4000000000000303,4.3
18.962834746414657,-1.4000000000000303,4.8
22.827879236687476,-1.4000000000000303,5.3
27.774053874340424,-1.4000000000000303,5.8
34.105062321891495,-1.4000000000000303,6.3
42.21016270201702,-1.4000000000000303,6.8
52.58831006497814,-1.4000000000000303,7.3
65.8791203105307,-1.4000000000000303,7.8
82.90258466038136,-1.4000000000000303,8.3
104.71000971027316,-1.4000000000000303,8.8
132.64935860109085,-1.4000000000000303,9.3
168.44906772296434,-1.4000000000000303,9.8
6.604653972436796,-1.2000000000000304,0.3
7.026388755511187,-1.2000000000000304,0.8
7.565093857814252,-1.2000000000000304,1.3
8.253243495259598,-1.2000000000000304,1.8
9.132440700201645,-1.2000000000000304,2.3
10.255978287455923,-1.2000000000000304,2.8
11.692123576880128,-1.2000000000000304,3.3
13.528330639915186,-1.2000000000000304,3.8
15.876641608957224,-1.2000000000000304,4.3
18.880612641563474,-1.2000000000000304,4.8
22.724195094610305,-1.2000000000000304,5.3
27.64312426915394,-1.2000000000000304,5.8
33.93952434298937,-1.2000000000000304,6.3
42.00063857462603,-1.2000000000000304,6.8
52.322851061960336,-1.2000000000000304,7.3
65.54249633964525,-1.2000000000000304,7.8
82.47537652058995,-1.2000000000000304,8.3
104.16744899001584,-1.2000000000000304,8.8
131.9598448028201,-1.2000000000000304,9.3
167.57227249624097,-1.2000000000000304,9.8
6.594001888882753,-1.0000000000000304,0.3
7.013306008218519,-1.0000000000000304,0.8
7.548939248614616,-1.0000000000000304,1.3
8.233206790044958,-1.0000000000000304,1.8
9.107496273520317,-1.0000000000000304,2.3
10.224826157725879,-1.0000000000000304,2.8
11.65311431416166,-1.0000000000000304,3.3
13.479369660393496,-1.0000000000000304,3.8
15.8150671294282,-1.0000000000000304,4.3
18.80303997795382,-1.0000000000000304,4.8
22.626317954089956,-1.0000000000000304,5.3
27.51946108152572,-1.0000000000000304,5.8
33.78309434458312,-1.0000000000000304,6.3
41.802548092922244,-1.0000000000000304,6.8
52.071764990334636,-1.0000000000000304,7.3
65.22396280425289,-1.0000000000000304,7.8
82.07096379673642,-1.0000000000000304,8.3
103.65364227412017,-1.0000000000000304,8.8
131.3066357846032,-1.0000000000000304,9.3
166.74135590253826,-1.0000000000000304,9.8
6.584010790155076,-0.8000000000000305,0.3
7.001021851312272,-0.8000000000000305,0.8
7.533755774505378,-0.8000000000000305,1.3
8.21435752490897,-0.8000000000000305,1.8
9.084010539263225,-0.8000000000000305,2.3
10.195473098191329,-0.8000000000000305,2.8
11.61633159115816,-0.8000000000000305,3.3
13.4331725521458,-0.8000000000000305,3.8
15.756932582447943,-0.8000000000000305,4.3
18.72975864979502,-0.8000000000000305,4.8
22.533805346704547,-0.8000000000000305,5.3
27.402516384543627,-0.8000000000000305,5.8
33.63509243301331,-0.8000000000000305,6.3
41.61504605999231,-0.8000000000000305,6.8
51.83399939425103,-0.8000000000000305,7.3
64.92220714830908,-0.8000000000000305,7.8
81.68770723640502,-0.8000000000000305,8.3
103.16653962852051,-0.8000000000000305,8.8
130.68716495165,-0.8000000000000305,9.3
165.95310087691,-0.8000000000000305,9.8
6.574625019075439,-0.6000000000000305,0.3
6.989470062000835,-0.6000000000000305,0.8
7.519464079572334,-0.6000000000000305,1.3
8.19660002935781,-0.6000000000000305,1.8
9.061867557163158,-0.6000000000000305,2.3
10.16777796961489,-0.6000000000000305,2.8
11.581602914780332,-0.6000000000000305,3.3
13.389527770798475,-0.6000000000000305,3.8
15.701977732939948,-0.6000000000000305,4.3
18.660447645902718,-0.6000000000000305,4.8
22.446260317345512,-0.6000000000000305,5.3
27.29179822478275,-0.6000000000000305,5.8
33.494907698875295,-0.6000000000000305,6.3
41.43737246345478,-0.6000000000000305,6.8
51.60860719444421,-0.6000000000000305,7.3
64.63604738414281,-0.6000000000000305,7.8
81.32412961418066,-0.6000000000000305,8.3
102.7042924653469,-0.6000000000000305,8.8
130.09911624072762,-0.6000000000000305,9.3
165.20460246267368,-0.6000000000000305,9.8
6.565794976258764,-0.4000000000000305,0.3
6.978591563288562,-0.4000000000000305,0.8
7.505993298426173,-0.4000000000000305,1.3
8.17984878388329,-0.4000000000000305,1.8
9.040963588135577,-0.4000000000000305,2.3
10.141614366546573,-0.4000000000000305,2.8
11.548773656719444,-0.4000000000000305,3.3
13.348245511290338,-0.4000000000000305,3.8
15.649968884919288,-0.4000000000000305,4.3
18.5948184467885,-0.4000000000000305,4.8
22.36332579321161,-0.4000000000000305,5.3
27.186863717318875,-0.4000000000000305,5.8
33.36198973165532,-0.4000000000000305,6.3
41.2688420275776,-0.4000000000000305,6.8
51.39473380082255,-0.4000000000000305,7.3
64.36441616961847,-0.4000000000000305,7.8
80.9788960284088,-0.4000000000000305,8.3
102.26522912727766,-0.4000000000000305,8.8
129.54039382532986,-0.4000000000000305,9.3
164.49323017577012,-0.4000000000000305,9.8
6.557476351623586,-0.2000000000000305,0.3
6.968333520521204,-0.2000000000000305,0.8
7.493279986336388,-0.2000000000000305,1.3
8.164027145139054,-0.2000000000000305,1.8
9.021205567066684,-0.2000000000000305,2.3
10.116868779195482,-0.2000000000000305,2.8
11.517704832021101,-0.2000000000000305,3.3
13.309155013475838,-0.2000000000000305,3.8
15.600695602864858,-0.2000000000000305,4.3
18.532611023577964,-0.2000000000000305,4.8
22.284679688354604,-0.2000000000000305,5.3
27.08731304185204,-0.2000000000000305,5.8
33.23584124066956,-0.2000000000000305,6.3
41.108835126279246,-0.2000000000000305,6.8
51.19160590211627,-0.2000000000000305,7.3
64.1063469554099,-0.2000000000000305,7.8
80.65079675714487,-0.2000000000000305,8.3
101.84783364018394,-0.2000000000000305,8.8
129.00909574836464,-0.2000000000000305,9.3
163.8165952437633,-0.2000000000000305,9.8
6.549629458903465,-3.047562202596055e-14,0.3
6.958648558892043,-3.047562202596055e-14,0.8
7.481267192452778,-3.047562202596055e-14,1.3
8.149066241433697,-3.047562202596055e-14,1.8
9.002509779419523,-3.047562202596055e-14,2.3
10.09343900035196,-3.047562202596055e-14,2.8
11.488271173493542,-3.047562202596055e-14,3.3
13.272102226168244,-3.047562202596055e-14,3.8
15.553967868790082,-3.047562202596055e-14,4.3
18.473590368071363,-3.047562202596055e-14,4.8
22.210030657408353,-3.047562202596055e-14,5.3
26.992784234160663,-3.047562202596055e-14,5.8
33.116011652474256,-3.047562202596055e-14,6.3
40.95678989734905,-3.047562202596055e-14,6.8
50.998521735878484,-3.047562202596055e-14,7.3
63.860961959643596,-3.047562202596055e-14,7.8
80.3387323732816,-3.047562202596055e-14,8.3
101.4507272627499,-3.047562202596055e-14,8.8
128.50349102219008,-3.047562202596055e-14,9.3
163.17252214849424,-3.047562202596055e-14,9.8
